<?xml version="1.0" encoding="UTF-8"?>
<beans xmlns="http://www.springframework.org/schema/beans"
	xmlns:xsi="http://www.w3.org/2001/XMLSchema-instance"
	xsi:schemaLocation="http://www.springframework.org/schema/beans https://www.springframework.org/schema/beans/spring-beans.xsd">
	
	<!-- Root Context: defines shared resources visible to all other web components -->
   <bean id="dataSource"
      class="org.apache.commons.dbcp.BasicDataSource"
      destroy-method="close">
       <!-- destroy-method="close"는  주어진 세션을 자동으로 close하라는 의미 
          (close 메소드 자동 실행) -->
      
          <property name="driverClassName" value="oracle.jdbc.driver.OracleDriver"></property>
          <property name="url" value="jdbc:oracle:thin:@localhost:1521:xe"></property>
          <property name="username" value="fooco"></property>
          <property name="password" value="fooco"></property>
          <property name="defaultAutoCommit" value="false"></property>
    </bean>

   <bean id="sqlSession"
      class="org.mybatis.spring.SqlSessionFactoryBean">
       <property name="configLocation" value="classpath:mybatis-config.xml"></property>
       <!-- classpath는 webapp위에 resources이다. -->
       <property name="dataSource" ref="dataSource"></property>
    </bean>
   
   <bean id="sqlSessionTemplate"
      class="org.mybatis.spring.SqlSessionTemplate">
      <constructor-arg ref="sqlSession"></constructor-arg>
   </bean>

	<!-- 2. 파일 업로드시 파일 크기 지정을 위한 코드 작성 -->
	<bean id="multipartResolver"
		class="org.springframework.web.multipart.commons.CommonsMultipartResolver">
		<property name="maxUploadSize" value="100000000"/>
		<property name="maxInMemorySize" value="100000000"/>
	</bean> 
		
		
</beans>
