<?xml version="1.0" encoding="UTF-8"?>
<!DOCTYPE mapper PUBLIC "-//mybatis.org//DTD Mapper 3.0//EN" "http://mybatis.org/dtd/mybatis-3-mapper.dtd" >
<mapper namespace="boardMapper">
<!-- board 조회 resultMap -->

 <resultMap type="Board" id="BoardResultSet">
	<id property="boardId" column="BOARD_ID"/>
   	<result property="boardWriter" column="BOARD_WRITER"/>
   	<result property="categoryNo" column="CATEGORY_NO"/>
   	<result property="boardTitle" column="BOARD_TITLE"/>
   	<result property="boardContent" column="BOARD_CONTENT"/>
   	<result property="boardCount" column="BOARD_COUNT"/>
   	<result property="boardCreateDate" column="BOARD_CREATE_DATE"/> 
   	<result property="boardUpdateDate" column="BOARD_UPDATE_DATE"/>
   	<result property="boardStatus" column="BOARD_STATUS"/>
   	<result property="answerContent" column="ANSWER_CONTENT"/>
   	<result property="summernoteContent" column="SUMMERNOTE_CONTENT"/>
   	<result property="nickname" column="NICKNAME"/>   	
   	<result property="inquiryCode" column="INQUIRY_CODE"/> 
   	<result property="inquiryContent" column="INQUIRY_CONTENT"/>
   	<result property="inquiryDate" column="INQUIRY_DATE"/>
   	<result property="inquiryYN" column="INQUIRY_YN"/> 
   	<result property="inquiryName" column="INQUIRY_NAME"/>
   	<result property="imageId" column="IMAGE_ID"/>
   	<result property="imageOriginName" column="IMAGE_ORIGIN_NAME"/> 
   	<result property="imageNewName" column="IMAGE_NEW_NAME"/>
   	<result property="imageFilepath" column="IMAGE_FILEPATH"/>
   	<result property="imageCreateDate" column="IMAGE_CREATE_DATE"/> 
   	<result property="imageLevel" column="IMAGE_LEVEL"/>
   	<result property="imageStatus" column="IMAGE_STATUS"/>
   	<result property="imageDownloadCount" column="IMAGE_DOWNLOAD_COUNT"/>    	  
</resultMap>




	
	<select id="selectListNotice" resultMap="BoardResultSet">
		SELECT BOARD_TITLE, BOARD_CREATE_DATE, BOARD_ID
		FROM SELECT_BOARD
		WHERE CATEGORY_NO = 1
		ORDER BY BOARD_ID DESC
	</select>

	<select id="selectListFAQ" resultMap="BoardResultSet">
		SELECT BOARD_TITLE, ANSWER_CONTENT
		FROM SELECT_BOARD
		WHERE CATEGORY_NO = 2
		ORDER BY BOARD_ID DESC 
	
	</select>
	
	<select id="selectNoticeDetail" parameterType="_int" resultMap="BoardResultSet">
		SELECT BOARD_ID, BOARD_TITLE, BOARD_CONTENT, BOARD_CREATE_DATE
		FROM SELECT_BOARD
		WHERE CATEGORY_NO = 1 AND BOARD_ID=#{boardId}
	</select>
		
		

		
	<insert id="inquiryInsert" parameterType="InsertBoard">
	INSERT ALL
    	INTO BOARD VALUES(SEQ_BOARDID.NEXTVAL,3,#{boardWriter},#{boardTitle},'내용내용내용',0,SYSDATE,SYSDATE,'Y',NULL,#{summernoteContent})
    	INTO INQUIRY VALUES(SEQ_BOARDID.CURRVAL,#{inquiryCode},NULL,'N',NULL)
    	SELECT *
    	FROM DUAL
	</insert>
</mapper>





