<?xml version="1.0" encoding="UTF-8"?>
<!DOCTYPE configuration PUBLIC "-//mybatis.org//DTD Config 3.0//EN" "http://mybatis.org/dtd/mybatis-3-config.dtd" >
<configuration>
	<settings>
		<setting name="jdbcTypeForNull" value="NULL"/>
	</settings>
	
	<typeAliases>	
		<typeAlias type="com.kh.fooco.admin.model.vo.VisitorCount" alias="VisitorCount"/>
		<typeAlias type="com.kh.fooco.admin.model.vo.MembershipStatus" alias="MembershipStatus"/>
		<typeAlias type="com.kh.fooco.admin.model.vo.MembershipCount" alias="MembershipCount"/>
		<typeAlias type="com.kh.fooco.admin.model.vo.Search" alias="Search"/>
		<typeAlias type="com.kh.fooco.member.model.vo.Member" alias="Member"/>	
		<typeAlias type="com.kh.fooco.board.model.vo.Board" alias="Board"/>	
		<typeAlias type="com.kh.fooco.board.model.vo.InsertBoard" alias="InsertBoard"/>	
		<typeAlias type="com.kh.fooco.membership.model.vo.MemberShip" alias="Membership"/>	
		<typeAlias type="com.kh.fooco.membership.model.vo.Coupon" alias="Coupon"/>	
		<typeAlias type="com.kh.fooco.restaurant.model.vo.Restaurant" alias="Restaurant"/>
		<typeAlias type="com.kh.fooco.theme.model.vo.Theme" alias="Theme"/>
		<typeAlias type="com.kh.fooco.theme.model.vo.ThemeBookmark" alias="ThemeBookmark"/>
		<typeAlias type="com.kh.fooco.member.model.vo.Follower" alias="Follower"/>
		<typeAlias type="com.kh.fooco.restaurant.model.vo.Review" alias="Review"/>
		<typeAlias type="com.kh.fooco.common.model.vo.Image" alias="Image"/>

		<typeAlias type="com.kh.fooco.member.model.vo.Mylist" alias="Mylist"/>
		<!-- <typeAlias type="com.kh.fooco.restaurant.model.vo.Res" alias="Res"/> -->



		<typeAlias type="com.kh.fooco.restaurant.model.vo.Res" alias="Res"/>
		<typeAlias type="com.kh.fooco.restaurant.model.vo.Option" alias="Option"/>
		<typeAlias type="com.kh.fooco.restaurant.model.vo.Info" alias="Info"/>

	</typeAliases>
	
	<mappers>
		<mapper resource="/mappers/member-mapper.xml"/>
		<mapper resource="/mappers/board-mapper.xml"/>
		<mapper resource="/mappers/admin-mapper.xml"/>
		<mapper resource="/mappers/membership-mapper.xml"/>
		<mapper resource="/mappers/coupon-mapper.xml"/>
		<mapper resource="/mappers/mypage-mapper.xml"/>
		<mapper resource="/mappers/theme-mapper.xml"/>
		<mapper resource="/mappers/restaurant-mapper.xml"/>
	</mappers>
</configuration>
