<?xml version="1.0" encoding="UTF-8"?>
<beans:beans xmlns="http://www.springframework.org/schema/mvc"
	xmlns:xsi="http://www.w3.org/2001/XMLSchema-instance"
	xmlns:beans="http://www.springframework.org/schema/beans"
	xmlns:context="http://www.springframework.org/schema/context"
	xsi:schemaLocation="http://www.springframework.org/schema/mvc https://www.springframework.org/schema/mvc/spring-mvc.xsd
		http://www.springframework.org/schema/beans https://www.springframework.org/schema/beans/spring-beans.xsd
		http://www.springframework.org/schema/context https://www.springframework.org/schema/context/spring-context.xsd">

	<!-- DispatcherServlet Context: defines this servlet's request-processing infrastructure -->
	
	<!-- Enables the Spring MVC @Controller programming model -->
	<annotation-driven />

	<!-- Handles HTTP GET requests for /resources/** by efficiently serving up static resources in the ${webappRoot}/resources directory -->
	<resources mapping="/resources/**" location="/resources/" />

	<!-- Resolves views selected for rendering by @Controllers to .jsp resources in the /WEB-INF/views directory -->
	<beans:bean class="org.springframework.web.servlet.view.InternalResourceViewResolver">
		<beans:property name="prefix" value="/WEB-INF/views/" />
		<beans:property name="suffix" value=".jsp" />
	</beans:bean>
	
	<context:component-scan base-package="com.kh.fooco" />
	
	<!-- 네이버 로그인을 위한 bean추가 -->
	<beans:bean id="naverLoginBO" class="com.kh.fooco.member.naver.NaverLoginBO" />
	
	<!-- 이메일 전송을 위한 bean추가 -->
	<beans:bean id="mailSender"	class="org.springframework.mail.javamail.JavaMailSenderImpl">
		<beans:property name="host" value="smtp.gmail.com" />
		<beans:property name="port" value="465" /><!-- 465 or 25 -->
		<beans:property name="username" value="khFooco" />
		<beans:property name="password" value="fooco123!" />
		<beans:property name="defaultEncoding" value="utf-8" />
		<beans:property name="javaMailProperties">
			<beans:props>
				<beans:prop key="mail.transport.protocol">smtp</beans:prop>
				<beans:prop key="mail.smtp.auth">true</beans:prop>
				<beans:prop key="mail.smtp.starttls.enable">true</beans:prop>
				<beans:prop key="mail.smtp.ssl.enable">true</beans:prop>
				<beans:prop key="mail.debug">true</beans:prop>
			</beans:props>
		</beans:property>
	</beans:bean>
  
	
	
	
</beans:beans>
