<?xml version="1.0" encoding="UTF-8"?>
<!DOCTYPE mapper PUBLIC "-//mybatis.org//DTD Mapper 3.0//EN" "http://mybatis.org/dtd/mybatis-3-mapper.dtd" >
<mapper namespace="adminMapper">

<!-- ============================회원 관련 resultMap 작성 ===================== -->

<!-- 방문자수 조회 -->
<resultMap type="VisitorCount" id="VisitorCountResultSet">
   <id property="vcId" column="STATIC_ID"/>
    <result property="day" column="STATIC_DATE"/>
    <result property="count" column="STATIC_COUNT"/>
    <result property="totalCount" column="STATIC_T_COUNT"/>    
</resultMap>

<!-- 회원현황 조회 -->
<resultMap type="MembershipStatus" id="MembershipStatusResultSet">   
    <result property="totalCount" column="TOTAL_COUNT"/>
    <result property="yCount" column="Y_COUNT"/>
    <result property="nCount" column="N_COUNT"/>    
</resultMap>

<!-- 맴버십 회원 조회 -->
<resultMap type="MembershipCount" id="MembershipCountResultSet">
   <result property="day" column="DAY"/>
    <result property="gold" column="GOLD"/>
    <result property="silver" column="SILVER"/>
    <result property="total" column="TOTAL"/> 
</resultMap>

<!-- 맴버 (맴버 테이블 + 맴버십이름 + 프로필 사진) -->
<resultMap type="Member" id="memberListResultSet">
   <id property="memberId" column="MEMBER_ID"></id>
   <result property="memberName" column="MEMBER_NAME"></result>
   <result property="memberPwd" column="MEMBER_PWD"></result>
   <result property="email" column="EMAIL"></result>
   <result property="nickName" column="NICKNAME"></result>
   <result property="gender" column="GENDER"></result>
   <result property="phone" column="PHONE"></result>
   <result property="address" column="ADDRESS"></result>
   <result property="memberEnrolldate" column="MEMBER_ENROLLDATE"></result>
   <result property="memberModifydate" column="MEMBER_MODIFYDATE"></result>
   <result property="memberAccessdate" column="MEMBER_ACCESSDATE"></result>
   <result property="memberStatus" column="MEMBER_STATUS"></result>
   <result property="memberJoinType" column="MEMBERJOIN_TYPE"></result>
   <result property="reviewStatus" column="REVIEW_STATUS"></result>
   <result property="membershipName" column="MEMBERSHIP_NAME"></result>
   <result property="profileId" column="PROFILE_ID"></result>
   <result property="originalName" column="ORIGINAL_NAME"></result>
   <result property="renameName" column="RENAME_NAME"></result>
   <result property="uploadDate" column="UPLOAD_DATE"></result>
   <result property="file_path" column="FILE_PATH"></result>   
</resultMap>



<!-- ============================ 게시판 관련 resultMap 작성 ============================ -->

<!-- board 조회 resultMap -->
 <resultMap type="Board" id="BoardResultSet">
   <id property="boardId" column="BOARD_ID"/>
      <result property="boardWriter" column="BOARD_WRITER"/>
      <result property="categoryNo" column="CATEGORY_NO"/>
      <result property="boardTitle" column="BOARD_TITLE"/>
      <result property="boardContent" column="BOARD_CONTENT"/>
      <result property="boardCount" column="BOARD_COUNT"/>
      <result property="boardCreateDate" column="BOARD_CREATE_DATE"/> 
      <result property="boardUpdateDate" column="BOARD_UPDATE_DATE"/>
      <result property="boardStatus" column="BOARD_STATUS"/>
      <result property="answerContent" column="ANSWER_CONTENT"/>
      <result property="summernoteContent" column="SUMMERNOTE_CONTENT"/>
      <result property="nickname" column="NICKNAME"/>       
      <result property="inquiryCode" column="INQUIRY_CODE"/> 
      <result property="inquiryContent" column="INQUIRY_CONTENT"/>
      <result property="inquiryDate" column="INQUIRY_DATE"/>
      <result property="inquiryYN" column="INQUIRY_YN"/> 
      <result property="inquiryName" column="INQUIRY_NAME"/>
      <result property="imageId" column="IMAGE_ID"/>
      <result property="imageOriginName" column="IMAGE_ORIGIN_NAME"/> 
      <result property="imageNewName" column="IMAGE_NEW_NAME"/>
      <result property="imageFilepath" column="IMAGE_FILEPATH"/>
      <result property="imageCreateDate" column="IMAGE_CREATE_DATE"/> 
      <result property="imageLevel" column="IMAGE_LEVEL"/>
      <result property="imageStatus" column="IMAGE_STATUS"/>
      <result property="imageDownloadCount" column="IMAGE_DOWNLOAD_COUNT"/>         
</resultMap>

<!-- ===================== 음식점 관련 resultMap ===================================== -->
<resultMap type="Restaurant" id="RestaurantResultSet">
	<id property="resId" column="RES_ID"/>
      <result property="resCategoryId" column="RES_CATEGORY_ID"/>
      <result property="locationId" column="LOCATION_ID"/>
      <result property="resName" column="RES_NAME"/>
      <result property="resAddress" column="RES_ADDRESS"/>
      <result property="resContent" column="RES_CONTENT"/>
      <result property="resViewCount" column="RES_VIEWCOUNT"/> 
      <result property="resTime" column="RES_TIME"/>
      <result property="resStatus" column="RES_STATUS"/>
      <result property="resCreateDate" column="RES_CREATE_DATE"/>
      <result property="resUpdateDate" column="RES_UPDATE_DATE"/>  
      <result property="resPhone" column="RES_PHONE"/>     
      <result property="resImageName" column="RES_IMAGE_NAME"/> 
      <result property="resImageFilepath" column="RES_IMAGE_FILEPATH"/>
      <result property="locationName" column="LOCATION_NAME"/>
      <result property="reviewId" column="REVIEW_ID"/> 
      <result property="reviewRatingAvg" column="REVIEW_RATING"/>
      <result property="reviewProfileImageName" column="REVIEW_PROFILE_IMAGE_NAME"/>
      <result property="reviewProfileImageFilepath" column="REVIEW_PROFILE_IMAGE_FILEPATH"/> 
      <result property="reviewNickname" column="REVIEW_NICKNAME"/>
      <result property="bookmarkCount" column="BOOKMARK_COUNT"/>
      <result property="reviewCount" column="REVIEW_COUNT"/> 
      <result property="resCategoryName" column="RES_CATEGORY_NAME"/>      
</resultMap>

<!-- ============================ 회원 관련 쿼리문 작성 ============================  -->

<!-- 방문자수 조회 -->
<select id="selectOneVisitorCount" resultMap="VisitorCountResultSet">
   SELECT * FROM STATIC WHERE TO_CHAR(STATIC_DATE,'YYYYMMDD') = TO_CHAR(SYSDATE,'YYYYMMDD')
</select>

<!-- 회원현황 조회 -->
<select id="selectOneMembershipStatus" resultMap="MembershipStatusResultSet">
   SELECT (SELECT COUNT(*) FROM MEMBER) TOTAL_COUNT
   ,(SELECT COUNT(*) FROM MEMBER WHERE MEMBER_STATUS = 'Y') Y_COUNT
   , (SELECT COUNT(*) FROM MEMBER WHERE MEMBER_STATUS = 'N') N_COUNT
   FROM MEMBER
   WHERE ROWNUM = 1
</select>

<!-- 맴버십 현황 조회 -->
<select id="selectOneMembershipCount" resultMap="MembershipCountResultSet">
   SELECT SYSDATE DAY 
   , (SELECT COUNT(*) FROM membership_list WHERE membership_id=1 AND MS_STATUS = 'Y') GOLD
   , (SELECT COUNT(*) FROM membership_list WHERE membership_id=2 AND MS_STATUS = 'Y') SILVER
   , (SELECT COUNT(*) FROM membership_list WHERE MS_STATUS = 'Y') TOTAL
   FROM membership_list WHERE ROWNUM = 1
</select>

<!-- 첫 방문시 튜플 생성  -->
<insert id="insertVisitorCount">
	INSERT INTO STATIC VALUES(SEQ_STATIC.NEXTVAL,SYSDATE,1,(SELECT MAX(STATIC_T_COUNT)+1 FROM STATIC),0,0)
</insert>

<insert id="insertVisitorCount1">
	INSERT INTO STATIC VALUES(SEQ_STATIC.NEXTVAL,SYSDATE,1,1,0,0)
</insert>

<!-- 2번째 이후 업데이트 -->
<update id="updateVisitorCount">
   UPDATE STATIC SET STATIC_COUNT  = STATIC_COUNT+1 
               , STATIC_T_COUNT = STATIC_T_COUNT+1 
   WHERE TO_CHAR(STATIC_DATE, 'YYYYMMDD') = TO_CHAR(SYSDATE, 'YYYYMMDD')
</update>

<!-- 회원 전체 조회 -->
<select id="selectlistMember" resultMap="memberListResultSet">
   SELECT * FROM SELECT_MEMBER ORDER BY MEMBER_NAME
</select>

<!-- 회원검색을 했을 때 검색된 회원의 수를 구해오는것 -->
<select id="memberNameSearchCount" parameterType="string" resultType="_int">
   SELECT COUNT(*) FROM SELECT_MEMBER WHERE MEMBER_NAME LIKE '%'||#{searchMemberTextbox}||'%'
</select>

<!-- 검색한 회원을 조회하는 것 -->
<select id="searchListMember" parameterType="string" resultMap="memberListResultSet">
   SELECT * FROM SELECT_MEMBER WHERE MEMBER_NAME LIKE '%'||#{searchMemberTextbox}||'%' ORDER BY MEMBER_NAME
</select>

<!-- 회원 status y -> n -->
<update id="updateMembershipSuspension" parameterType="string">
   UPDATE MEMBER SET MEMBER_STATUS = 'N' WHERE MEMBER_ID = #{memberId}
</update>

<!-- 회원 status n -> y -->
<update id="updateMembershipSuspension2" parameterType="string">
   UPDATE MEMBER SET MEMBER_STATUS = 'Y' WHERE MEMBER_ID = #{memberId}
</update>

<!-- 회원 정보 조회 -->
<select id="selectOneMember2" parameterType="string" resultMap="memberListResultSet">
   SELECT * FROM MEMBER WHERE MEMBER_ID = #{memberId}
</select>

<!-- 회원 review status y -> n -->
<update id="updateMemberReviewStatus" parameterType="string">
   UPDATE MEMBER SET REVIEW_STATUS = 'N' WHERE MEMBER_ID = #{memberId}
</update>

<!-- 회원 review status y -> n -->
<update id="updateMemberReviewStatus2" parameterType="string">
   UPDATE MEMBER SET REVIEW_STATUS = 'Y' WHERE MEMBER_ID = #{memberId}
</update>

<select id="selectvisitorMaxCount" resultType="string">
	SELECT TO_CHAR(MAX(STATIC_T_COUNT)) FROM STATIC
</select>


<!-- ============================ 게시판 관련 쿼리문 작성 ============================ -->
 
 <!-- dashboard에서 사용되는 미답변 문의글 5개 조회 -->
<select id="selectListInquiryD" resultMap="BoardResultSet">
<![CDATA[
   SELECT * FROM SELECT_BOARD WHERE BOARD_STATUS = 'Y' AND CATEGORY_NO = 3 AND INQUIRY_YN = 'N' AND ROWNUM <=5
]]>
</select>

<select id="selectListInquiry" resultMap="BoardResultSet" parameterType="Board">
   SELECT * FROM SELECT_BOARD WHERE BOARD_STATUS = 'Y' AND CATEGORY_NO = 3
   <if test="inquiryYN != null">
      AND INQUIRY_YN = #{inquiryYN}
   </if>
   <if test="inquiryCode != 0">
      AND INQUIRY_CODE = #{inquiryCode}
   </if>
</select>

<select id="selectInquiryOne" parameterType="Board" resultMap="BoardResultSet">
	SELECT * FROM SELECT_BOARD WHERE BOARD_ID = #{boardId} AND BOARD_STATUS = 'Y'
</select>

<update id="updateReplyInquiry" parameterType="Board">
	UPDATE INQUIRY SET INQUIRY_CONTENT=#{inquiryContent},INQUIRY_YN='Y',INQUIRY_DATE=SYSDATE WHERE BOARD_ID=#{boardId}
</update>

<select id="selectInquiryCount" parameterType="Board" resultType="_int">
	SELECT COUNT(*) FROM SELECT_BOARD WHERE BOARD_STATUS = 'Y' AND CATEGORY_NO = 3
   <if test="inquiryYN != null">
      AND INQUIRY_YN = #{inquiryYN}
   </if>
   <if test="inquiryCode != 0">
      AND INQUIRY_CODE = #{inquiryCode}
   </if>
</select>

<select id="selectBoardCount" parameterType="Board" resultType="_int">
	SELECT COUNT(*) FROM SELECT_BOARD WHERE BOARD_STATUS = 'Y'
	<if test="categoryNo != 0">
		AND CATEGORY_NO = #{categoryNo}
	</if>
</select>

<select id="selectBoardList" parameterType="Board" resultMap="BoardResultSet">
	SELECT * FROM SELECT_BOARD WHERE BOARD_STATUS = 'Y'
	<if test="categoryNo != 0">
		AND CATEGORY_NO = #{categoryNo}
	</if>
</select>

<update id="deleteBoardAdmin" parameterType="Board">
	UPDATE BOARD SET BOARD_STATUS = 'N' WHERE BOARD_ID=#{boardId}
</update>

<insert id="registrationBoard" parameterType="Board">
	INSERT ALL
   	INTO BOARD VALUES(SEQ_BOARDID.NEXTVAL,#{categoryNo},21,#{boardTitle},#{boardContent},0,SYSDATE,SYSDATE,'Y',DEFAULT)
   	<if test="imageOriginName != null">
   	INTO IMAGE VALUES(SEQ_BOARDFILEID.NEXTVAL,#{imageOriginName},#{imageNewName},0,SYSDATE,0,'Y',0)
   	INTO BOARD_IMAGE VALUES(SEQ_BOARDFILEID.CURRVAL,SEQ_BOARDID.CURRVAL)
   	</if>
   	SELECT *
   	FROM DUAL
</insert>

<!-- 게시물 수정시 board 수정 -->
<update id="modifyBoardAdmin" parameterType="Board">
	UPDATE BOARD SET BOARD_TITLE=#{boardTitle},BOARD_CONTENT=#{boardContent},BOARD_UPDATE_DATE=SYSDATE	
	WHERE BOARD_ID=#{boardId}
</update>

<!-- 게시물 수정시 image 수정 -->
<update id="modifyBoardAdmin2" parameterType="Board">
	UPDATE (SELECT I.*, BI.BOARD_ID FROM IMAGE I 
			LEFT JOIN BOARD_IMAGE BI 
			ON(I.IMAGE_ID = BI.IMAGE_ID) )
	SET IMAGE_ORIGIN_NAME=#{imageOriginName},IMAGE_NEW_NAME=#{imageNewName}
	WHERE BOARD_ID=#{boardId}
</update>


<!-- ================= 음식점 관련 쿼리문 ================================== -->
<!-- 음식점 list 조회 -->
<select id="selectListRestaurant" parameterType="Search" resultMap="RestaurantResultSet">
	SELECT * FROM SELECT_RESTAURANT WHERE RES_STATUS='Y' 
	<if test="category == 1">
		AND RES_NAME LIKE '%'||#{search}||'%'
	</if>
	<if test="category == 2">
		AND LOCATION_NAME LIKE '%'||#{search}||'%'
	</if>
	<if test="category == 3">
		AND RES_CATEGORY_NAME LIKE '%'||#{search}||'%'
	</if>		
</select>

<select id="selectOneRestaurantCount" parameterType="Search" resultType="_int">
	SELECT COUNT(*) FROM SELECT_RESTAURANT WHERE RES_STATUS='Y' 
	<if test="category == 1">
		AND RES_NAME LIKE '%'||#{search}||'%'
	</if>
	<if test="category == 2">
		AND LOCATION_NAME LIKE '%'||#{search}||'%'
	</if>
	<if test="category == 3">
		AND RES_CATEGORY_NAME LIKE '%'||#{search}||'%'
	</if>
</select>

<update id="deleteRestaurant" parameterType="Restaurant">
	UPDATE RESTAURANT SET RES_STATUS = 'N' WHERE RES_ID=#{resId}
</update>

<insert id="insertRestaurantMenu" parameterType="string">
	INSERT INTO BESTMENU VALUES(SEQ_BESTMENU.NEXTVAL,SEQ_RESTAURANT.CURRVAL,#{me})
</insert>

<insert id="insertRestaurantFilter" parameterType="string">
	INSERT INTO FILTER_CATEGORY VALUES(SEQ_RESTAURANT.CURRVAL,#{filter})
</insert>

<insert id="insertRestaurant" parameterType="Restaurant">
	INSERT INTO RESTAURANT VALUES(SEQ_RESTAURANT.NEXTVAL,#{resCategoryId},#{locationId}
		,#{resName},#{resAddress},#{resContent},0,#{resTime},'Y',SYSDATE,SYSDATE,#{resPhone})
</insert>

<insert id="insertRestaurantImage" parameterType="Image">
	INSERT ALL
	   	INTO IMAGE VALUES(SEQ_IMAGE_YE.NEXTVAL,#{imageOriginName},#{imageNewName},#{imageFilepath},SYSDATE,0,'Y',0)
	   	INTO RES_IMAGE VALUES(SEQ_IMAGE_YE.CURRVAL,SEQ_RESTAURANT.CURRVAL)
   	SELECT *
   	FROM DUAL
</insert>

</mapper>